公司簡稱,TEJ產業_名稱,TEJ子產業_名稱
1101 台泥,水泥製造,水泥製造
1102 亞泥,水泥製造,水泥製造
1103 嘉泥,水泥製造,水泥製造
1104 環泥,水泥製造,水泥製造
1108 幸福,水泥製造,水泥製造
1109 信大,水泥製造,水泥製造
1110 東泥,水泥製造,水泥製造
1201 味全,飲料乳品,飲料乳品
1203 味王,其他食品,其他食品
1210 大成,油脂飼料,油脂飼料
1213 大飲,飲料乳品,飲料乳品
1215 卜蜂,油脂飼料,油脂飼料
1216 統一,飲料乳品,飲料乳品
1217 愛之味,罐頭加工,罐頭加工
1218 泰山,油脂飼料,油脂飼料
1219 福壽,油脂飼料,油脂飼料
1220 台榮,油脂飼料,油脂飼料
1225 福懋油,油脂飼料,油脂飼料
1227 佳格,其他食品,其他食品
1229 聯華,油脂飼料,油脂飼料
1231 聯華食,其他食品,其他食品
1232 大統益,油脂飼料,油脂飼料
1233 天仁,其他食品,其他食品
1234 黑松,飲料乳品,飲料乳品
1235 興泰,油脂飼料,油脂飼料
1236 宏亞,其他食品,其他食品
1240 茂生農經,油脂飼料,油脂飼料
1256 鮮活果汁-KY,飲料乳品,飲料乳品
1259 安心,餐飲飯店,餐飲業
1264 德麥,其他食品,其他食品
1268 漢來美食,餐飲飯店,餐飲業
1294 漢田生技,藥,機能性食品
1301 台塑,石化,泛用塑膠
1303 南亞,石化,泛用塑膠
1304 台聚,石化,泛用塑膠
1305 華夏,石化,泛用塑膠
1307 三芳,石化,合成皮
1308 亞聚,石化,泛用塑膠
1309 台達化,石化,泛用塑膠
1310 台苯,石化,泛用塑膠
1312 國喬,石化,泛用塑膠
1313 聯成,石化,可塑劑
1314 中石化,石化,化纖
1315 達新,石化,塑膠加工
1316 上曜,建設,建設
1319 東陽,汽車組件,汽車組件
1321 大洋,石化,塑膠加工
1323 永裕,石化,塑膠加工
1324 地球,石化,膠帶
1325 恒大,不織布,不織布
1326 台化,石化,泛用塑膠
1336 台翰,電子零組件,沖壓零組件
1337 再生-KY,塑膠製品,塑膠製品
1338 廣華-KY,汽車組件,汽車組件
1339 昭輝,汽車組件,汽車組件
1340 勝悅-KY,塑膠製品,塑膠製品
1341 富林-KY,石化,合成皮
1342 八貫,塑膠製品,塑膠製品
1402 遠東新,人纖,聚酯絲棉
1409 新纖,人纖,聚酯絲棉
1410 南染,染整,染整
1413 宏洲,人纖,加工絲
1414 東和,棉紡,聚酯紗棉紗
1416 廣豐,軟體服務,應用軟體
1417 嘉裕,成衣,成衣製造
1418 東華,棉紡,亞克力纖維
1419 新紡,成衣,織布
1423 利華,毛紡,毛紡
1432 大魯閣,百貨批發,百貨及Mall
1434 福懋,成衣,織布
1435 中福,物業管理,物業管理
1436 華友聯,建設,建設
1437 勤益控,物業管理,物業管理
1438 三地開發,建設,建設
1439 雋揚,建設,建設
1440 南紡,人纖,聚酯絲棉
1441 大東,棉紡,聚酯紗棉紗
1442 名軒,建設,建設
1443 立益物流,貨運倉儲業,貨運倉儲業
1444 力麗,人纖,加工絲
1445 大宇,成衣,織布
1446 宏和,建設,建設
1447 力鵬,人纖,尼龍絲
1449 佳和,成衣,織布
1451 年興,成衣,成衣製造
1452 宏益,人纖,加工絲
1453 大將,建設,建設
1454 台富,成衣,織布
1455 集盛,人纖,尼龍絲
1456 怡華,建設,建設
1457 宜進,人纖,加工絲
1459 聯發,人纖,加工絲
1460 宏遠,成衣,織布
1463 強盛新,染整,染整
1464 得力,成衣,織布
1465 偉全,成衣,織布
1466 聚隆,人纖,尼龍絲
1467 南緯,成衣,成衣製造
1468 昶和,成衣,織布
1470 大統新創,染整,染整
1471 首利,電子零組件,電源供應器
1472 三洋實業,營造,營造
1473 台南,成衣,成衣製造
1474 弘裕,成衣,織布
1475 業旺,成衣,織布
1476 儒鴻,成衣,成衣製造
1477 聚陽,成衣,成衣製造
1503 士電,電機製品,電機
1504 東元,電機製品,電機
1506 正道,汽車組件,汽車組件
1512 瑞利,汽車組件,汽車組件
1513 中興電,電機製品,電機
1514 亞力,電機製品,電機
1515 力山,家電製品,健身器材
1516 川飛,其他,其他製造業
1517 利奇,自行車組件,自行車組件
1519 華城,電機製品,電機
1521 大億,汽車組件,汽車組件
1522 堤維西,汽車組件,汽車組件
1524 耿鼎,汽車組件,汽車組件
1525 江申,汽車組件,汽車組件
1526 日馳,自行車組件,自行車組件
1527 鑽全,機械業,工具機
1528 恩德,機械業,工具機
1529 樂事綠能,電機製品,電機
1530 亞崴,機械業,工具機
1531 高林股,機械業,紡織工具機
1532 勤美,機械業,模具零件
1533 車王電,汽車組件,汽車組件
1535 中宇,電機製品,機電工程
1536 和大,汽車組件,汽車組件
1537 廣隆,電子零組件,二次電池
1538 正峰,機械業,工具機
1539 巨庭,機械業,工具機
1540 喬福,機械業,工具機
1541 錩泰,機械業,工具機
1558 伸興,機械業,紡織工具機
1560 中砂,半導體,晶圓材料
1563 巧新,汽車組件,汽車組件
1565 精華,醫療耗材,醫療耗材
1568 倉佑,汽車組件,汽車組件
1569 濱川,電子零組件,機殼
1570 力肯,機械業,工具機
1580 新麥,儀器設備,儀器設備
1582 信錦,電子零組件,沖壓零組件
1583 程泰,機械業,工具機
1584 精剛,金屬基本,不鏽鋼
1586 和勤,電子零組件,沖壓零組件
1587 吉茂,汽車組件,汽車組件
1589 永冠-KY,機械業,模具零件
1590 亞德客-KY,機械業,模具零件
1591 駿吉-KY,金屬製品,金屬製品
1593 祺驊,家電製品,健身器材
1595 川寶,電子設備,電機設備
1597 直得,機械業,模具零件
1598 岱宇,家電製品,健身器材
1599 宏佳騰,汽車製造,汽車製造
1603 華電,電線,電線
1604 聲寶,家電製品,家電
1605 華新,電線,電線
1608 華榮,電線,電線
1609 大亞,電線,電線
1611 中電,家電製品,照明
1612 宏泰,電線,電線
1614 三洋電,家電製品,家電
1615 大山,電線,電線
1616 億泰,電線,電線
1617 榮星,電線,電線
1618 合機,電線,電線
1626 艾美特-KY,家電製品,家電
1702 南僑,油脂飼料,油脂飼料
1707 葡萄王,藥,機能性食品
1708 東鹼,其他化學,其他化學
1709 和益,清潔劑,清潔劑原料
1710 東聯,石化,化纖
1711 永光,染料及顏料,染料及顏料
1712 興農,藥,農藥肥料
1713 國化,染料及顏料,染料及顏料
1714 和桐,清潔劑,清潔劑原料
1717 長興,樹脂,樹脂
1718 中纖,石化,化纖
1720 生達,藥,製藥
1721 三晃,樹脂,樹脂
1722 台肥,藥,農藥肥料
1723 中碳,其他化學,其他化學
1725 元禎,其他化學,其他化學
1726 永記,染料及顏料,染料及顏料
1727 中華化,其他化學,其他化學
1730 花仙子,清潔劑,清潔用品
1731 美吾華,藥,製藥
1732 毛寶,清潔劑,清潔用品
1733 五鼎,醫療耗材,醫療耗材
1734 杏輝,藥,製藥
1735 日勝化,樹脂,樹脂
1736 喬山,家電製品,健身器材
1737 臺鹽,其他食品,其他食品
1742 台蠟,其他化學,其他化學
1752 南光,藥,製藥
1760 寶齡富錦,藥,製藥
1762 中化生,藥,製藥
1773 勝一,其他化學,其他化學
1776 展宇,樹脂,樹脂
1777 生泰,藥,製藥
1781 合世,醫療耗材,醫療耗材
1783 和康生,醫療耗材,醫療耗材
1784 訊聯,生物科技,生物科技
1785 光洋科,資源回收,貴金屬回收
1786 科妍,醫療耗材,醫療耗材
1788 杏昌,醫療耗材,醫療耗材
1789 神隆,藥,製藥
1795 美時,藥,製藥
1796 金穎生技,藥,機能性食品
1799 易威,藥,製藥
1802 台玻,玻璃陶瓷,玻璃陶瓷
1805 寶徠,建設,建設
1806 冠軍,玻璃陶瓷,玻璃陶瓷
1808 潤隆,建設,建設
1809 中釉,玻璃陶瓷,玻璃陶瓷
1810 和成,玻璃陶瓷,玻璃陶瓷
1813 寶利徠,醫療耗材,醫療耗材
1815 富喬,主機板,玻纖紗布
1817 凱撒衛,玻璃陶瓷,玻璃陶瓷
1903 士紙,造紙,造紙
1904 正隆,造紙,造紙
1905 華紙,紙漿,紙漿
1906 寶隆,造紙,造紙
1907 永豐餘,造紙,造紙
1909 榮成,造紙,造紙
2002 中鋼,金屬基本,鋼板
2006 東和鋼鐵,金屬基本,鋼筋
2007 燁興,金屬基本,線材
2008 高興昌,金屬基本,鋼管
2009 第一銅,金屬基本,銅
2010 春源,金屬基本,鋼板
2012 春雨,金屬基本,線材
2013 中鋼構,金屬基本,鋼筋
2014 中鴻,金屬基本,鋼板
2015 豐興,金屬基本,鋼筋
2017 官田鋼,金屬基本,線材
2020 美亞,金屬基本,鋼管
2022 聚亨,金屬基本,線材
2023 燁輝,金屬基本,鋼板
2024 志聯,金屬基本,線材
2025 千興,金屬基本,不鏽鋼
2027 大成鋼,金屬基本,不鏽鋼
2028 威致,金屬基本,鋼筋
2029 盛餘,金屬基本,鋼板
2030 彰源,金屬基本,鋼管
2031 新光鋼,金屬基本,鋼板
2032 新鋼,金屬基本,不鏽鋼
2033 佳大,金屬基本,線材
2034 允強,金屬基本,鋼管
2035 唐榮,金屬基本,不鏽鋼
2038 海光,金屬基本,鋼筋
2049 上銀,機械業,模具零件
2059 川湖,金屬製品,金屬製品
2061 風青,電線,電線
2062 橋椿,五金及家具,五金及家具
2063 世鎧,金屬基本,線材
2064 晉椿,金屬基本,線材
2065 世豐,金屬基本,線材
2066 世德,汽車組件,汽車組件
2067 嘉鋼,機械業,模具零件
2069 運錩,金屬基本,不鏽鋼
2070 精湛,儀器設備,儀器設備
2073 雄順,金屬基本,線材
2101 南港,輪胎,輪胎
2102 泰豐,輪胎,輪胎
2103 台橡,橡膠原料,橡膠原料
2104 國際中橡,橡膠原料,橡膠原料
2105 正新,輪胎,輪胎
2106 建大,輪胎,輪胎
2107 厚生,橡膠,其他橡膠
2108 南帝,橡膠原料,橡膠原料
2109 華豐,輪胎,輪胎
2114 鑫永銓,橡膠,工業橡膠
2115 六暉-KY,汽車組件,汽車組件
2201 裕隆,汽車製造,汽車製造
2204 中華,汽車製造,汽車製造
2206 三陽工業,機車船製造,機車製造
2207 和泰車,汽車買賣,汽車買賣
2208 台船,機車船製造,船舶製造
2211 長榮鋼,金屬基本,鋼筋
2221 大甲,金屬基本,鋼管
2227 裕日車,汽車買賣,汽車買賣
2228 劍麟,汽車組件,汽車組件
2230 泰茂,汽車組件,汽車組件
2231 為升,汽車組件,汽車組件
2233 宇隆,汽車組件,汽車組件
2235 謚源,汽車組件,汽車組件
2236 百達-KY,汽車組件,汽車組件
2239 英利-KY,汽車組件,汽車組件
2241 艾姆勒,汽車組件,汽車組件
2243 宏旭-KY,機械業,模具零件
2247 汎德永業,汽車買賣,汽車買賣
2250 IKKA-KY,汽車組件,汽車組件
2301 光寶科,光電/ IO,3C週邊
2302 麗正,電子零組件,分離式元件
2303 聯電,半導體,晶圓代工
2305 全友,光電/ IO,影像掃描
2308 台達電,電子零組件,電源供應器
2312 金寶,PC系統,EMS
2313 華通,主機板,硬板及其他
2314 台揚,通信網路,衛星微波
2316 楠梓電,主機板,硬板及其他
2317 鴻海,PC系統,EMS
2321 東訊,通信網路,其他網通
2323 中環,光電/ IO,光碟
2324 仁寶,PC系統,EMS
2327 國巨,電子零組件,被動元件
2328 廣宇,電子零組件,連接器
2329 華泰,半導體,IC封測
2330 台積電,半導體,晶圓代工
2331 精英,主機板,主機板
2332 友訊,通信網路,網通設備
2337 旺宏,半導體,記憶體製造
2338 光罩,半導體,其他半導體
2340 台亞,光電/ IO,磊晶及晶粒
2342 茂矽,半導體,晶圓代工
2344 華邦電,半導體,記憶體製造
2345 智邦,通信網路,網通設備
2347 聯強,資訊通路,3C通路
2348 海悅,建設,建設
2349 錸德,光電/ IO,光碟
2351 順德,半導體,IC導線架
2352 佳世達,光電/ IO,顯示器
2353 宏碁,PC系統,PC品牌
2354 鴻準,電子零組件,機殼
2355 敬鵬,主機板,硬板及其他
2356 英業達,PC系統,EMS
2357 華碩,PC系統,PC品牌
2359 所羅門,資訊通路,零組件代理
2360 致茂,電子設備,電機設備
2362 藍天,PC系統,泛用電腦
2363 矽統,半導體,IC設計
2364 倫飛,PC系統,泛用電腦
2365 昆盈,光電/ IO,3C週邊
2367 燿華,主機板,硬板及其他
2368 金像電,主機板,硬板及其他
2369 菱生,半導體,IC封測
2371 大同,電機製品,電機
2373 震旦行,資訊通路,3C通路
2374 佳能,消費性電子,消費性電子
2375 凱美,電子零組件,被動元件
2376 技嘉,主機板,主機板
2377 微星,主機板,主機板
2379 瑞昱,半導體,IC設計
2380 虹光,光電/ IO,影像掃描
2382 廣達,PC系統,EMS
2383 台光電,主機板,銅箔基板
2385 群光,光電/ IO,3C週邊
2387 精元,光電/ IO,3C週邊
2388 威盛,半導體,IC設計
2390 云辰,光電/ IO,安全監控
2392 正崴,電子零組件,連接器
2393 億光,光電/ IO,封裝及模組
2395 研華,主機板,工業電腦
2397 友通,主機板,工業電腦
2399 映泰,主機板,主機板
2401 凌陽,半導體,IC設計
2402 毅嘉,主機板,軟板
2404 漢唐,電子設備,廠辦機電
2405 輔信,PC系統,泛用電腦
2406 國碩,光電/ IO,太陽能晶圓
2408 南亞科,半導體,記憶體製造
2409 友達,光電/ IO,LCD 面板
2412 中華電,通信網路,電信及IDC
2413 環科,電子零組件,電源供應器
2414 精技,資訊通路,3C通路
2415 錩新,消費性電子,聲學產品
2417 圓剛,主機板,影音視訊
2419 仲琦,通信網路,網通設備
2420 新巨,電子零組件,電源供應器
2421 建準,電子零組件,散熱零組件
2423 固緯,電子設備,電機設備
2424 隴華,通信網路,其他網通
2425 承啟,主機板,繪圖運算
2426 鼎元,光電/ IO,磊晶及晶粒
2427 三商電,軟體服務,系統整合
2428 興勤,電子零組件,被動元件
2429 銘旺科,光電/ IO,其他顯示
2430 燦坤,資訊通路,3C通路
2431 聯昌,電子零組件,電源供應器
2433 互盛電,資訊通路,3C通路
2434 統懋,電子零組件,分離式元件
2436 偉詮電,半導體,IC設計
2438 翔耀,光電/ IO,LCD 原料
2439 美律,消費性電子,聲學產品
2440 太空梭,電子零組件,連接器
2441 超豐,半導體,IC封測
2442 新美齊,建設,建設
2444 兆勁,通信網路,其他網通
2449 京元電子,半導體,IC封測
2450 神腦,資訊通路,3C通路
2451 創見,半導體,記憶體模組
2453 凌群,軟體服務,系統整合
2454 聯發科,半導體,IC設計
2455 全新,半導體,化合物SEMI
2457 飛宏,電子零組件,電源供應器
2458 義隆,半導體,IC設計
2459 敦吉,資訊通路,零組件代理
2460 建通,電子零組件,連接器
2461 光群雷,石化,塑膠加工
2462 良得電,電子零組件,連接器
2464 盟立,電子設備,廠辦機電
2465 麗臺,主機板,繪圖運算
2466 冠西電,光電/ IO,封裝及模組
2467 志聖,電子設備,電機設備
2468 華經,軟體服務,系統整合
2471 資通,軟體服務,系統整合
2472 立隆電,電子零組件,被動元件
2474 可成,電子零組件,機殼
2476 鉅祥,電子零組件,沖壓零組件
2477 美隆電,消費性電子,聲學產品
2478 大毅,電子零組件,被動元件
2480 敦陽科,軟體服務,系統整合
2481 強茂,電子零組件,分離式元件
2482 連宇,光電/ IO,3C週邊
2483 百容,電子零組件,沖壓零組件
2484 希華,電子零組件,石英元件
2485 兆赫,通信網路,衛星微波
2486 一詮,電子零組件,光電導線架
2488 漢平,消費性電子,聲學產品
2489 瑞軒,光電/ IO,顯示器
2491 吉祥全,家電製品,照明
2492 華新科,電子零組件,被動元件
2493 揚博,電子設備,電機設備
2495 普安,光電/ IO,硬碟磁碟
2496 卓越,其他,其他服務業
2497 怡利電,汽車組件,汽車組件
2498 宏達電,通信網路,其他網通
2501 國建,建設,建設
2504 國產,預拌混凝土,預拌混凝土
2505 國揚,建設,建設
2506 太設,建設,建設
2509 全坤建,建設,建設
2511 太子,建設,建設
2514 龍邦,建設,建設
2515 中工,營造,營造
2516 新建,營造,營造
2520 冠德,建設,建設
2524 京城,建設,建設
2527 宏璟,建設,建設
2528 皇普,建設,建設
2530 華建,建設,建設
2534 宏盛,建設,建設
2535 達欣工,營造,營造
2536 宏普,建設,建設
2537 聯上發,建設,建設
2538 基泰,建設,建設
2539 櫻花建,建設,建設
2540 愛山林,建設,建設
2542 興富發,建設,建設
2543 皇昌,營造,營造
2545 皇翔,建設,建設
2546 根基,營造,營造
2547 日勝生,建設,建設
2548 華固,建設,建設
2596 綠意,建設,建設
2597 潤弘,營造,營造
2601 益航,海運,散裝輪
2603 長榮,海運,貨櫃輪
2605 新興,海運,散裝輪
2606 裕民,海運,散裝輪
2607 榮運,貨運倉儲業,貨運倉儲業
2608 嘉里大榮,貨運倉儲業,貨運倉儲業
2609 陽明,海運,貨櫃輪
2610 華航,空運業,空運業
2611 志信,貨運倉儲業,貨運倉儲業
2612 中航,海運,散裝輪
2613 中櫃,貨運倉儲業,貨運倉儲業
2614 東森,百貨批發,其他零售
2615 萬海,海運,貨櫃輪
2616 山隆,公用事業,加油站
2617 台航,海運,散裝輪
2618 長榮航,空運業,空運業
2630 亞航,機車船製造,航空器製造
2633 台灣高鐵,陸運業,鐵路運輸
2634 漢翔,機車船製造,航空器製造
2636 台驊控股,貨運倉儲業,貨運倉儲業
2637 慧洋-KY,海運,散裝輪
2640 大車隊,陸運業,汽車陸運
2641 正德,海運,散裝輪
2642 宅配通,貨運倉儲業,貨運倉儲業
2643 捷迅,貨運倉儲業,貨運倉儲業
2645 長榮航太,機車船製造,航空器製造
2646 星宇航空,空運業,空運業
2701 萬企,餐飲飯店,飯店業
2702 華園,餐飲飯店,飯店業
2704 國賓,餐飲飯店,飯店業
2705 六福,餐飲飯店,飯店業
2706 第一店,餐飲飯店,飯店業
2707 晶華,餐飲飯店,飯店業
2712 遠雄來,餐飲飯店,飯店業
2718 晶悅,建設,建設
2719 燦星旅,旅行社,旅行社
2722 夏都,餐飲飯店,飯店業
2723 美食-KY,餐飲飯店,餐飲業
2724 藝舍-KY,餐飲飯店,飯店業
2726 雅茗-KY,餐飲飯店,餐飲業
2727 王品,餐飲飯店,餐飲業
2729 瓦城,餐飲飯店,餐飲業
2731 雄獅,旅行社,旅行社
2732 六角,餐飲飯店,餐飲業
2734 易飛網,旅行社,旅行社
2736 富野,餐飲飯店,飯店業
2739 寒舍,餐飲飯店,飯店業
2740 天蔥,餐飲飯店,餐飲業
2743 山富,旅行社,旅行社
2745 五福,旅行社,旅行社
2748 雲品,餐飲飯店,飯店業
2751 王座,餐飲飯店,餐飲業
2752 豆府,餐飲飯店,餐飲業
2753 八方雲集,餐飲飯店,餐飲業
2754 亞洲藏壽司,餐飲飯店,餐飲業
2755 揚秦,餐飲飯店,餐飲業
2756 聯發國際,餐飲飯店,餐飲業
2762 世界健身-KY,其他,其他服務業
2801 彰銀,本國銀行,本國銀行
2809 京城銀,本國銀行,本國銀行
2812 台中銀,本國銀行,本國銀行
2816 旺旺保,產險業,產險業
2820 華票,票券公司,票券公司
2832 台產,產險業,產險業
2834 臺企銀,本國銀行,本國銀行
2836 高雄銀,本國銀行,本國銀行
2838 聯邦銀,本國銀行,本國銀行
2845 遠東銀,本國銀行,本國銀行
2849 安泰銀,本國銀行,本國銀行
2850 新產,產險業,產險業
2851 中再保,產險業,產險業
2852 第一保,產險業,產險業
2855 統一證,證券,證券
2867 三商壽,壽險業,壽險業
2880 華南金,金融控股,金融控股
2881 富邦金,金融控股,金融控股
2882 國泰金,金融控股,金融控股
2883 凱基金,金融控股,金融控股
2884 玉山金,金融控股,金融控股
2885 元大金,金融控股,金融控股
2886 兆豐金,金融控股,金融控股
2887 台新金,金融控股,金融控股
2888 新光金,金融控股,金融控股
2889 國票金,金融控股,金融控股
2890 永豐金,金融控股,金融控股
2891 中信金,金融控股,金融控股
2892 第一金,金融控股,金融控股
2897 王道銀行,本國銀行,本國銀行
2901 欣欣,百貨批發,百貨及Mall
2903 遠百,百貨批發,百貨及Mall
2904 匯僑,貨運倉儲業,貨運倉儲業
2905 三商,百貨批發,其他零售
2906 高林,貿易業,貿易業
2908 特力,貿易業,貿易業
2910 統領,百貨批發,百貨及Mall
2911 麗嬰房,百貨批發,其他零售
2912 統一超,百貨批發,便利商店
2913 農林,貿易業,貿易業
2915 潤泰全,百貨批發,量販
2916 滿心,百貨批發,其他零售
2923 鼎固-KY,建設,建設
2924 宏太-KY,百貨批發,其他零售
2926 誠品生活,百貨批發,百貨及Mall
2929 淘帝-KY,百貨批發,百貨及Mall
2937 集雅社,資訊通路,3C通路
2939 永邑-KY,貿易業,貿易業
2941 米斯特,數位雲端,電子商務
2945 三商家購,百貨批發,超市
2947 振宇五金,百貨批發,批發
2948 寶陞,五金及家具,五金及家具
2949 欣新網,數位雲端,電子商務
3002 歐格,電子零組件,電源供應器
3003 健和興,電子零組件,連接器
3004 豐達科,機車船製造,航空器製造
3005 神基,電子零組件,機殼
3006 晶豪科,半導體,IC設計
3008 大立光,消費性電子,光學鏡頭
3010 華立,資訊通路,零組件代理
3011 今皓,電子零組件,連接器
3013 晟銘電,電子零組件,機殼
3014 聯陽,半導體,IC設計
3015 全漢,電子零組件,電源供應器
3016 嘉晶,半導體,晶圓材料
3017 奇鋐,電子零組件,散熱零組件
3018 隆銘綠能,電機製品,機電工程
3019 亞光,消費性電子,光學鏡頭
3021 鴻名,電子零組件,連接器
3022 威強電,主機板,工業電腦
3023 信邦,電子零組件,連接器
3024 憶聲,家電製品,家電
3025 星通,通信網路,網通工程
3026 禾伸堂,電子零組件,被動元件
3027 盛達,電子零組件,電源供應器
3028 增你強,資訊通路,零組件代理
3029 零壹,軟體服務,應用軟體
3030 德律,電子設備,電機設備
3031 佰鴻,光電/ IO,封裝及模組
3032 偉訓,電子零組件,機殼
3033 威健,資訊通路,零組件代理
3034 聯詠,半導體,IC設計
3035 智原,半導體,IC設計
3036 文曄,資訊通路,零組件代理
3037 欣興,主機板,IC載板
3038 全台,光電/ IO,LCD-其他
3040 遠見,物業管理,物業管理
3041 揚智,半導體,IC設計
3042 晶技,電子零組件,石英元件
3043 科風,電子零組件,電源供應器
3044 健鼎,主機板,硬板及其他
3045 台灣大,通信網路,電信及IDC
3046 建碁,主機板,工業電腦
3047 訊舟,通信網路,網通設備
3048 益登,資訊通路,零組件代理
3049 精金,光電/ IO,觸控面板
3050 鈺德,光電/ IO,光碟
3051 力特,光電/ IO,LCD 原料
3052 夆典,營造,營造
3054 立萬利,藥,機能性食品
3055 蔚華科,電子設備,設備通路
3056 富華新,建設,建設
3057 喬鼎,光電/ IO,硬碟磁碟
3058 立德,電子零組件,電源供應器
3059 華晶科,消費性電子,消費性電子
3060 銘異,光電/ IO,硬碟磁碟
3062 建漢,通信網路,網通設備
3064 泰偉,主機板,工業電腦
3066 李洲,光電/ IO,封裝及模組
3067 全域,消費性電子,聲學產品
3071 協禧,電子零組件,散熱零組件
3073 天方能源,公用事業,電力及能源
3078 僑威,電子零組件,電源供應器
3081 聯亞,半導體,化合物SEMI
3083 網龍,軟體服務,遊戲軟體
3085 新零售,數位雲端,電子商務
3086 華義,軟體服務,遊戲軟體
3088 艾訊,主機板,工業電腦
3090 日電貿,資訊通路,零組件代理
3092 鴻碩,電子零組件,連接器
3093 港建*,電子設備,設備通路
3094 聯傑,半導體,IC設計
3095 及成,電子零組件,機殼
3105 穩懋,半導體,化合物SEMI
3114 好德,資訊通路,零組件代理
3115 富榮綱,主機板,PCB材-其他
3118 進階,醫療耗材,醫療耗材
3122 笙泉,半導體,IC設計
3128 昇銳,光電/ IO,安全監控
3130 一零四,數位雲端,數位服務
3131 弘塑,電子設備,電機設備
3138 耀登,通信網路,衛星微波
3141 晶宏,半導體,IC設計
3147 大綜,軟體服務,系統整合
3149 正達,光電/ IO,觸控面板
3152 璟德,電子零組件,被動元件
3162 精確,自行車組件,自行車組件
3163 波若威,通信網路,光元件模組
3164 景岳,藥,機能性食品
3167 大量,電子設備,電機設備
3168 眾福科,光電/ IO,LCD-其他
3169 亞信,半導體,IC設計
3171 炎洲流通,石化,膠帶
3176 基亞,藥,製藥
3178 公準,電子設備,電機設備
3188 鑫龍騰,建設,建設
3189 景碩,主機板,IC載板
3191 雲嘉南,電子零組件,其他零組件
3202 樺晟,電子零組件,連接器
3205 佰研,飲料乳品,飲料乳品
3206 志豐,消費性電子,聲學產品
3207 耀勝,電子零組件,被動元件
3209 全科,資訊通路,零組件代理
3211 順達,電子零組件,二次電池
3213 茂訊,PC系統,泛用電腦
3217 優群,電子零組件,連接器
3218 大學光,醫療耗材,醫療耗材
3219 倚強科,電子設備,電機設備
3221 台嘉碩,電子零組件,石英元件
3224 三顧,資訊通路,零組件代理
3226 至寶電,汽車組件,汽車組件
3227 原相,半導體,IC設計
3228 金麗科,半導體,IC設計
3229 晟鈦,主機板,PCB材-其他
3230 錦明,電子零組件,機殼
3231 緯創,PC系統,EMS
3232 昱捷,資訊通路,零組件代理
3234 光環,通信網路,光元件模組
3236 千如,電子零組件,被動元件
3252 海灣,餐飲飯店,飯店業
3257 虹冠電,半導體,IC設計
3259 鑫創,半導體,IC設計
3260 威剛,半導體,記憶體模組
3264 欣銓,半導體,IC封測
3265 台星科,半導體,IC封測
3266 昇陽,建設,建設
3268 海德威,半導體,IC設計
3272 東碩,光電/ IO,3C週邊
3276 宇環,主機板,軟板
3284 太普高,印刷,印刷
3285 微端,光電/ IO,LCD-其他
3287 廣寰科,主機板,影音視訊
3288 點晶,半導體,IC設計
3289 宜特,其他電子,其他電子
3290 東浦,電子零組件,沖壓零組件
3293 鈊象,軟體服務,遊戲軟體
3294 英濟,電子零組件,機殼
3296 勝德,電子零組件,電源供應器
3297 杭特,光電/ IO,安全監控
3303 岱稜,石化,塑膠加工
3305 昇貿,主機板,PCB材-其他
3306 鼎天,通信網路,導航定位
3308 聯德,電子零組件,電源供應器
3310 佳穎,電子零組件,沖壓零組件
3311 閎暉,電子零組件,沖壓零組件
3312 弘憶股,資訊通路,零組件代理
3313 斐成,油脂飼料,油脂飼料
3317 尼克森,半導體,IC設計
3321 同泰,主機板,軟板
3322 建舜電,電子零組件,連接器
3323 加百裕,電子零組件,二次電池
3324 雙鴻,電子零組件,散熱零組件
3325 旭品,電子零組件,機殼
3332 幸康,電子零組件,電源供應器
3338 泰碩,電子零組件,散熱零組件
3339 泰谷,光電/ IO,磊晶及晶粒
3346 麗清,光電/ IO,封裝及模組
3349 寶德,光電/ IO,3C週邊
3354 律勝,主機板,FCCL
3356 奇偶,光電/ IO,安全監控
3357 臺慶科,電子零組件,被動元件
3360 尚立,資訊通路,零組件代理
3362 先進光,消費性電子,光學鏡頭
3363 上詮,通信網路,光元件模組
3372 典範,半導體,IC封測
3373 熱映,醫療耗材,醫療耗材
3374 精材,半導體,IC封測
3376 新日興,電子零組件,沖壓零組件
3379 彬台,儀器設備,儀器設備
3380 明泰,通信網路,網通設備
3388 崇越電,資訊通路,零組件代理
3390 旭軟,主機板,軟板
3402 漢科,電子設備,廠辦機電
3406 玉晶光,消費性電子,光學鏡頭
3413 京鼎,電子設備,電機設備
3416 融程電,主機板,工業電腦
3419 譁裕,通信網路,衛星微波
3426 台興,其他電製品,其他電製品
3430 奇鈦科,其他化學,其他化學
3432 台端,電子零組件,連接器
3434 哲固,光電/ IO,顯示器
3437 榮創,光電/ IO,封裝及模組
3438 類比科,半導體,IC設計
3441 聯一光,消費性電子,光學鏡頭
3443 創意,半導體,IC設計
3444 利機,資訊通路,零組件代理
3447 展達,通信網路,網通設備
3450 聯鈞,通信網路,光元件模組
3454 晶睿,光電/ IO,安全監控
3455 由田,電子設備,電機設備
3465 進泰電子,消費性電子,聲學產品
3466 德晉,通信網路,衛星微波
3479 安勤,主機板,工業電腦
3481 群創,光電/ IO,LCD 面板
3483 力致,電子零組件,散熱零組件
3484 崧騰,電子零組件,連接器
3489 森寶,建設,建設
3490 單井,電子設備,電機設備
3491 昇達科,通信網路,衛星微波
3492 長盛,電子零組件,連接器
3494 誠研,資訊通路,3C通路
3498 陽程,電子設備,電機設備
3499 環天科,通信網路,導航定位
3501 維熹,電子零組件,連接器
3504 揚明光,光電/ IO,投影裝置
3508 位速,電子零組件,機殼
3511 矽瑪,電子零組件,連接器
3512 皇龍,建設,建設
3515 華擎,主機板,主機板
3516 亞帝歐,家電製品,照明
3518 柏騰,其他電子,其他電子
3520 華盈,電子零組件,連接器
3521 鴻翊,主機板,POS
3522 御嵿,餐飲飯店,餐飲業
3523 迎輝,光電/ IO,LCD 原料
3526 凡甲,電子零組件,連接器
3527 聚積,半導體,IC設計
3528 安馳,資訊通路,零組件代理
3529 力旺,半導體,IC設計
3530 晶相光,半導體,IC設計
3531 先益,光電/ IO,背光模組
3532 台勝科,半導體,晶圓材料
3533 嘉澤,電子零組件,連接器
3535 晶彩科,電子設備,電機設備
3537 堡達,資訊通路,零組件代理
3540 曜越,電子零組件,機殼
3541 西柏,光電/ IO,3C週邊
3543 州巧,電子零組件,沖壓零組件
3545 敦泰,半導體,IC設計
3546 宇峻,軟體服務,遊戲軟體
3548 兆利,電子零組件,沖壓零組件
3550 聯穎,電子零組件,連接器
3551 世禾,電子設備,電機設備
3552 同致,汽車組件,汽車組件
3555 博士旺,藥,機能性食品
3556 禾瑞亞,半導體,IC設計
3557 嘉威,五金及家具,五金及家具
3558 神準,通信網路,網通設備
3563 牧德,電子設備,電機設備
3564 其陽,主機板,工業電腦
3567 逸昌,半導體,IC封測
3570 大塚,軟體服務,應用軟體
3576 聯合再生,光電/ IO,太陽能電池
3577 泓格,主機板,工業電腦
3580 友威科,電子設備,電機設備
3581 博磊,電子設備,電機設備
3583 辛耘,電子設備,電機設備
3587 閎康,其他電子,其他電子
3588 通嘉,半導體,IC設計
3591 艾笛森,光電/ IO,封裝及模組
3592 瑞鼎,半導體,IC設計
3593 力銘,電子零組件,機殼
3594 磐儀,主機板,工業電腦
3596 智易,通信網路,網通設備
3597 映興,電子零組件,連接器
3605 宏致,電子零組件,連接器
3607 谷崧,電子零組件,機殼
3609 三一東林,家電製品,照明
3611 鼎翰,主機板,POS
3615 安可,光電/ IO,觸控面板
3617 碩天,電子零組件,電源供應器
3622 洋華,光電/ IO,觸控面板
3623 富晶通,光電/ IO,觸控面板
3624 光頡,電子零組件,被動元件
3625 西勝,電子零組件,二次電池
3628 盈正,電子零組件,電源供應器
3629 地心引力,軟體服務,遊戲軟體
3630 新鉅科,消費性電子,光學鏡頭
3631 晟楠,主機板,PCB材-其他
3632 研勤,通信網路,導航定位
3645 達邁,主機板,軟板
3646 艾恩特,電子零組件,連接器
3652 精聯,主機板,POS
3653 健策,電子零組件,散熱零組件
3661 世芯-KY,半導體,IC設計
3663 鑫科,資源回收,貴金屬回收
3664 安瑞-KY,軟體服務,系統整合
3665 貿聯-KY,電子零組件,連接器
3666 光耀,光電/ IO,LCD 原料
3669 圓展,光電/ IO,其他顯示
3672 康聯訊,通信網路,光元件模組
3673 TPK-KY,光電/ IO,觸控面板
3675 德微,電子零組件,分離式元件
3679 新至陞,電子零組件,沖壓零組件
3680 家登,電子設備,電機設備
3684 榮昌,通信網路,衛星微波
3685 元創精密,汽車組件,汽車組件
3686 達能,光電/ IO,太陽能晶圓
3687 歐買尬,數位雲端,數位服務
3689 湧德,電子零組件,連接器
3691 碩禾,光電/ IO,其他太陽能
3693 營邦,電子零組件,機殼
3694 海華,通信網路,網通設備
3701 大眾控,PC系統,EMS
3702 大聯大,資訊通路,零組件代理
3703 欣陸,營造,營造
3704 合勤控,通信網路,網通設備
3705 永信,藥,製藥
3706 神達,PC系統,EMS
3707 漢磊,半導體,晶圓代工
3708 上緯投控,樹脂,樹脂
3709 鑫聯大投控,資訊通路,3C通路
3710 連展投控,電子零組件,連接器
3711 日月光投控,半導體,IC封測
3712 永崴投控,光電/ IO,影像掃描
3713 新晶投控,光電/ IO,太陽能系統
3714 富采,光電/ IO,磊晶及晶粒
3715 定穎投控,主機板,硬板及其他
3716 中化控股,藥,製藥
4102 永日,藥,製藥
4104 佳醫,醫療耗材,醫療耗材
4105 東洋,藥,製藥
4106 雃博,醫療耗材,醫療耗材
4107 邦特,醫療耗材,醫療耗材
4108 懷特,藥,製藥
4109 加捷生醫,藥,機能性食品
4111 濟生,藥,製藥
4113 聯上,建設,建設
4114 健喬,藥,製藥
4116 明基醫,醫療耗材,醫療耗材
4119 旭富,藥,製藥
4120 友華,藥,製藥
4121 優盛,醫藥通路,醫藥通路
4123 晟德,藥,製藥
4126 太醫,醫療耗材,醫療耗材
4127 天良,藥,機能性食品
4128 中天,藥,製藥
4129 聯合,醫療耗材,醫療耗材
4130 健亞,藥,製藥
4131 浩泰,醫療耗材,醫療耗材
4133 亞諾法,醫療耗材,醫療耗材
4137 麗豐-KY,化妝美容,化妝美容
4138 曜亞,化妝美容,化妝美容
4139 馬光-KY,生物科技,生物科技
4142 國光生,藥,製藥
4147 中裕,藥,製藥
4148 全宇生技-KY,藥,農藥肥料
4153 鈺緯,光電/ IO,顯示器
4154 樂威科-KY,金屬製品,金屬製品
4155 訊映,醫療耗材,醫療耗材
4157 太景*-KY,藥,製藥
4160 訊聯基因,醫療耗材,醫療耗材
4161 聿新科,醫療耗材,醫療耗材
4162 智擎,藥,製藥
4163 鐿鈦,醫療耗材,醫療耗材
4164 承業醫,醫療耗材,醫療耗材
4167 松瑞藥,藥,製藥
4168 醣聯,藥,製藥
4171 瑞基,醫療耗材,醫療耗材
4173 久裕,藥,製藥
4174 浩鼎,藥,製藥
4175 杏一,醫藥通路,醫藥通路
4183 福永生技,醫療耗材,醫療耗材
4188 安克,醫療耗材,醫療耗材
4190 佐登-KY,化妝美容,化妝美容
4192 杏國,藥,製藥
4198 欣大健康,醫療耗材,醫療耗材
4205 中華食,其他食品,其他食品
4207 環泰,其他食品,其他食品
4303 信立,石化,合成皮
4304 勝昱,石化,塑膠加工
4305 世坤,石化,塑膠加工
4306 炎洲,石化,膠帶
4401 東隆興,人纖,尼龍絲
4402 郡都開發,建設,建設
4406 新昕纖,人纖,加工絲
4413 飛寶企業,成衣,織布
4414 如興,成衣,成衣製造
4416 三圓,建設,建設
4417 金洲,其他紡織,其他紡織
4419 皇家美食,餐飲飯店,餐飲業
4420 光明,成衣,織布
4426 利勤,成衣,織布
4430 耀億,其他紡織,其他紡織
4432 銘旺實,成衣,成衣製造
4433 興采,成衣,織布
4438 廣越,成衣,成衣製造
4439 冠星-KY,成衣,織布
4440 宜新實業,人纖,加工絲
4442 竣邦-KY,成衣,織布
4502 健信,汽車組件,汽車組件
4503 金雨,其他電製品,其他電製品
4506 崇友,其他電製品,其他電製品
4510 高鋒,機械業,工具機
4513 福裕,機械業,工具機
4523 永彰,汽車組件,汽車組件
4526 東台,機械業,工具機
4527 方方土霖,家電製品,空調冷凍
4528 江興鍛,汽車組件,汽車組件
4529 淳紳,汽車製造,汽車製造
4530 宏易,餐飲飯店,餐飲業
4532 瑞智,家電製品,空調冷凍
4533 協易機,機械業,工具機
4534 慶騰,機械業,模具零件
4535 至興,汽車組件,汽車組件
4536 拓凱,其他,其他製造業
4538 大詠城,機械業,模具零件
4540 全球傳動,機械業,模具零件
4541 晟田,機車船製造,航空器製造
4542 科嶠,電子設備,電機設備
4543 萬在,汽車組件,汽車組件
4545 銘鈺,電子零組件,沖壓零組件
4549 桓達,儀器設備,儀器設備
4550 長佳,電機製品,機電工程
4551 智伸科,汽車組件,汽車組件
4552 力達-KY,其他電製品,其他電製品
4554 橙的,汽車組件,汽車組件
4555 氣立,機械業,模具零件
4556 旭然,其他電製品,其他電製品
4557 永新-KY,汽車組件,汽車組件
4558 寶緯,金屬基本,鋁鋅
4560 強信-KY,機械業,紡織工具機
4561 健椿,機械業,模具零件
4562 穎漢,機械業,工具機
4563 百德,機械業,工具機
4564 元翎,金屬製品,金屬製品
4566 時碩工業,汽車組件,汽車組件
4568 科際精密,其他電製品,其他電製品
4569 六方科-KY,電子零組件,沖壓零組件
4571 鈞興-KY,汽車組件,汽車組件
4572 駐龍,機車船製造,航空器製造
4576 大銀微系統,機械業,模具零件
4577 達航科技,機械業,工具機
4580 捷流閥業,其他電製品,其他電製品
4581 光隆精密-KY,汽車組件,汽車組件
4583 台灣精銳,機械業,模具零件
4584 君帆,其他電製品,其他電製品
4588 玖鼎電力,電機製品,電機
4609 唐鋒,家電製品,家電
4702 中美實,染料及顏料,染料及顏料
4706 大恭,染料及顏料,染料及顏料
4707 磐亞,清潔劑,清潔劑原料
4711 永純,樹脂,樹脂
4714 永捷,樹脂,樹脂
4716 大立,樹脂,樹脂
4720 德淵,樹脂,樹脂
4721 美琪瑪,其他化學,其他化學
4722 國精化,樹脂,樹脂
4726 永昕,藥,製藥
4728 雙美,醫療耗材,醫療耗材
4729 熒茂,光電/ IO,觸控面板
4735 豪展,醫療耗材,醫療耗材
4736 泰博,醫療耗材,醫療耗材
4737 華廣,醫療耗材,醫療耗材
4739 康普,其他化學,其他化學
4741 泓瀚,染料及顏料,染料及顏料
4743 合一,藥,製藥
4744 皇將,儀器設備,儀器設備
4745 合富-KY,醫療耗材,醫療耗材
4746 台耀,藥,製藥
4747 強生,藥,製藥
4754 國碳科,其他化學,其他化學
4755 三福化,其他化學,其他化學
4760 勤凱,電子零組件,被動元件
4763 材料-KY,其他化學,其他化學
4764 雙鍵,其他化學,其他化學
4766 南寶,樹脂,樹脂
4767 誠泰科技,樹脂,樹脂
4768 晶呈科技,其他化學,其他化學
4770 上品,樹脂,樹脂
4771 望隼,醫療耗材,醫療耗材
4772 台特化,其他化學,其他化學
4804 大略-KY,餐飲飯店,餐飲業
4806 桂田文創,電視廣播,電視廣播
4807 日成-KY,其他,其他製造業
4903 聯光通,通信網路,網通工程
4904 遠傳,通信網路,電信及IDC
4905 台聯電,通信網路,其他網通
4906 正文,通信網路,網通設備
4907 富宇,建設,建設
4908 前鼎,通信網路,光元件模組
4909 新復興,主機板,硬板及其他
4911 德英,藥,製藥
4912 聯德控股-KY,電子零組件,沖壓零組件
4915 致伸,光電/ IO,3C週邊
4916 事欣科,主機板,工業電腦
4919 新唐,半導體,IC設計
4923 力士,半導體,IC設計
4924 欣厚-KY,光電/ IO,3C週邊
4927 泰鼎-KY,主機板,硬板及其他
4930 燦星網,家電製品,家電
4931 新盛力,電子零組件,二次電池
4933 友輝,光電/ IO,LCD 原料
4934 太極,光電/ IO,太陽能電池
4935 茂林-KY,光電/ IO,LCD 原料
4938 和碩,PC系統,EMS
4939 亞電,主機板,FCCL
4942 嘉彰,電子零組件,沖壓零組件
4943 康控-KY,電子零組件,連接器
4945 陞達科技,半導體,IC設計
4946 辣椒,軟體服務,遊戲軟體
4949 有成精密,光電/ IO,太陽能模組
4950 牧東,五金及家具,五金及家具
4951 精拓科,半導體,IC設計
4952 凌通,半導體,IC設計
4953 緯軟,軟體服務,系統整合
4956 光鋐,光電/ IO,磊晶及晶粒
4958 臻鼎-KY,主機板,軟板
4960 誠美材,光電/ IO,LCD 原料
4961 天鈺,半導體,IC設計
4966 譜瑞-KY,半導體,IC設計
4967 十銓,半導體,記憶體模組
4968 立積,半導體,IC設計
4971 IET-KY,半導體,化合物SEMI
4972 湯石照明,家電製品,照明
4973 廣穎,半導體,記憶體模組
4974 亞泰,光電/ IO,影像掃描
4976 佳凌,消費性電子,光學鏡頭
4977 眾達-KY,通信網路,光元件模組
4979 華星光,通信網路,光元件模組
4987 科誠,主機板,POS
4989 榮科,主機板,PCB材-其他
4991 環宇-KY,半導體,化合物SEMI
4994 傳奇,軟體服務,遊戲軟體
4995 晶達,光電/ IO,顯示器
4999 鑫禾,電子零組件,沖壓零組件
5007 三星,金屬基本,線材
5009 榮剛,金屬基本,不鏽鋼
5011 久陽,金屬基本,線材
5013 強新,金屬基本,線材
5014 建錩,金屬基本,不鏽鋼
5015 華祺,金屬基本,線材
5016 松和,金屬基本,線材
5201 凱衛,軟體服務,系統整合
5202 力新,軟體服務,應用軟體
5203 訊連,軟體服務,應用軟體
5205 中茂,資源回收,廢棄物處理
5206 坤悅,建設,建設
5209 新鼎,工程承攬,工程承攬
5210 寶碩,軟體服務,系統整合
5211 蒙恬,軟體服務,應用軟體
5212 凌網,軟體服務,系統整合
5213 亞昕,建設,建設
5215 科嘉-KY,電子零組件,其他零組件
5220 萬達光電,光電/ IO,觸控面板
5222 全訊,通信網路,衛星微波
5223 安力-KY,電子零組件,沖壓零組件
5225 東科-KY,消費性電子,聲學產品
5227 立凱-KY,電子零組件,二次電池
5228 鈺鎧,電子零組件,被動元件
5230 雷笛克光學,光電/ IO,封裝及模組
5234 達興材料,光電/ IO,LCD 原料
5236 凌陽創新,半導體,IC設計
5243 乙盛-KY,電子零組件,沖壓零組件
5244 弘凱,光電/ IO,封裝及模組
5245 智晶,光電/ IO,LCD 面板
5251 天鉞電,光電/ IO,安全監控
5258 虹堡,主機板,POS
5263 智崴,其他電子,其他電子
5269 祥碩,半導體,IC設計
5272 笙科,半導體,IC設計
5274 信驊,半導體,IC設計
5276 達輝-KY,汽車組件,汽車組件
5278 尚凡,數位雲端,數位服務
5283 禾聯碩,家電製品,家電
5284 jpp-KY,電子零組件,沖壓零組件
5285 界霖,半導體,IC導線架
5287 數字,數位雲端,電子商務
5288 豐祥-KY,汽車組件,汽車組件
5289 宜鼎,半導體,記憶體模組
5291 邑昇,主機板,硬板及其他
5292 華懋,電子設備,廠辦機電
5299 杰力,半導體,IC設計
5301 寶得利,貿易業,貿易業
5302 太欣,半導體,IC設計
5306 桂盟,自行車組件,自行車組件
5309 系統電,汽車組件,汽車組件
5310 天剛,軟體服務,系統整合
5312 寶島科,醫療耗材,醫療耗材
5314 世紀,半導體,IC設計
5315 光聯,光電/ IO,LCD-其他
5321 美而快,數位雲端,電子商務
5324 士開,建設,建設
5328 華容,電子零組件,被動元件
5340 建榮,主機板,玻纖紗布
5344 立衛,半導體,IC封測
5345 天揚,其他電子,其他電子
5347 世界,半導體,晶圓代工
5348 正能量智能,通信網路,導航定位
5351 鈺創,半導體,IC設計
5353 台林,通信網路,網通設備
5355 佳總,主機板,硬板及其他
5356 協益,塑膠製品,塑膠製品
5364 力麗店,餐飲飯店,飯店業
5371 中光電,光電/ IO,背光模組
5381 合正,主機板,銅箔基板
5386 青雲,主機板,繪圖運算
5388 中磊,通信網路,網通設備
5392 能率,電子零組件,機殼
5398 慕康生醫,藥,製藥
5403 中菲,軟體服務,系統整合
5410 國眾,資訊通路,3C通路
5425 台半,電子零組件,分離式元件
5426 振發,電子零組件,機殼
5432 新門,光電/ IO,LCD-其他
5434 崇越,資訊通路,零組件代理
5438 東友,光電/ IO,影像掃描
5439 高技,主機板,硬板及其他
5443 均豪,電子設備,電機設備
5450 南良,其他化學,其他化學
5452 佶優,資訊通路,其他3C代理
5455 昇益,建設,建設
5457 宣德,電子零組件,連接器
5460 同協,電子零組件,沖壓零組件
5464 霖宏,主機板,硬板及其他
5465 富驊,電子零組件,機殼
5468 凱鈺,半導體,IC設計
5469 瀚宇博,主機板,硬板及其他
5471 松翰,半導體,IC設計
5474 聰泰,主機板,影音視訊
5475 德宏,主機板,玻纖紗布
5478 智冠,軟體服務,遊戲軟體
5481 新華,其他,其他服務業
5483 中美晶,半導體,晶圓材料
5484 慧友,光電/ IO,安全監控
5487 通泰,半導體,IC設計
5488 松普,電子零組件,連接器
5489 彩富,光電/ IO,安全監控
5490 同亨,主機板,POS
5493 三聯,電子設備,電機設備
5498 凱崴,主機板,PCB材-其他
5508 永信建,建設,建設
5511 德昌,營造,營造
5512 力麒,建設,建設
5514 三豐,建設,建設
5515 建國,營造,營造
5516 雙喜,營造,營造
5519 隆大,建設,建設
5520 力泰,預拌混凝土,預拌混凝土
5521 工信,營造,營造
5522 遠雄,建設,建設
5523 豐謙,建設,建設
5525 順天,建設,建設
5529 鉅陞,建設,建設
5530 龍巖,靈骨塔業,靈骨塔業
5531 鄉林,建設,建設
5533 皇鼎,建設,建設
5534 長虹,建設,建設
5536 聖暉*,電子設備,廠辦機電
5538 東明-KY,金屬基本,線材
5543 桓鼎-KY,金屬製品,金屬製品
5546 永固-KY,預拌混凝土,預拌混凝土
5548 安倉,工程承攬,工程承攬
5601 台聯櫃,貨運倉儲業,貨運倉儲業
5603 陸海,貨運倉儲業,貨運倉儲業
5604 中連,物業管理,物業管理
5607 遠雄港,貨運倉儲業,貨運倉儲業
5608 四維航,海運,散裝輪
5609 中菲行,貨運倉儲業,貨運倉儲業
5701 劍湖山,餐飲飯店,飯店業
5703 亞都,餐飲飯店,飯店業
5704 老爺知,餐飲飯店,飯店業
5706 鳳凰,旅行社,旅行社
5864 致和證,證券,證券
5871 中租-KY,租賃業,租賃業
5876 上海商銀,本國銀行,本國銀行
5878 台名,保險經紀,保險經紀
5880 合庫金,金融控股,金融控股
5902 德記,貿易業,貿易業
5903 全家,百貨批發,便利商店
5904 寶雅,百貨批發,其他零售
5905 南仁湖,觀光遊樂區,觀光遊樂區
5906 台南-KY,百貨批發,其他零售
5907 大洋-KY,百貨批發,百貨及Mall
6005 群益證,證券,證券
6015 宏遠證,證券,證券
6016 康和證,證券,證券
6020 大展證,證券,證券
6021 美好證,證券,證券
6023 元大期,期貨,期貨
6024 群益期,期貨,期貨
6026 福邦證,證券,證券
6101 寬魚國際,電視廣播,電視廣播
6103 合邦,資訊通路,其他3C代理
6104 創惟,半導體,IC設計
6108 競國,主機板,硬板及其他
6109 亞元,電子零組件,電源供應器
6111 大宇資,軟體服務,遊戲軟體
6112 邁達特,軟體服務,系統整合
6113 亞矽,資訊通路,零組件代理
6114 久威,主機板,硬板及其他
6115 鎰勝,電子零組件,連接器
6116 彩晶,光電/ IO,LCD 面板
6117 迎廣,電子零組件,機殼
6118 建達,資訊通路,3C通路
6120 達運,光電/ IO,背光模組
6121 新普,電子零組件,二次電池
6122 擎邦,營造,營造
6123 上奇,資訊通路,3C通路
6124 業強,電子零組件,散熱零組件
6125 廣運,電子設備,廠辦機電
6126 信音,電子零組件,連接器
6127 九豪,電子零組件,被動元件
6128 上福,光電/ IO,3C週邊
6129 普誠,半導體,IC設計
6130 上亞科技,半導體,IC設計
6133 金橋,電子零組件,連接器
6134 萬旭,電子零組件,連接器
6136 富爾特,資訊通路,其他3C代理
6138 茂達,半導體,IC設計
6139 亞翔,電子設備,廠辦機電
6140 訊達,軟體服務,系統整合
6141 柏承,主機板,硬板及其他
6142 友勁,通信網路,網通設備
6143 振曜,光電/ IO,3C週邊
6144 得利影,數位雲端,電子商務
6146 耕興,其他電子,其他電子
6147 頎邦,半導體,IC封測
6148 驊宏資,軟體服務,系統整合
6150 撼訊,主機板,繪圖運算
6151 晉倫,石化,塑膠加工
6152 百一,通信網路,衛星微波
6153 嘉聯益,主機板,軟板
6154 順發,資訊通路,3C通路
6155 鈞寶,電子零組件,被動元件
6156 松上,主機板,硬板及其他
6158 禾昌,電子零組件,連接器
6160 欣技,主機板,工業電腦
6161 捷波,主機板,繪圖運算
6163 華電網,通信網路,網通工程
6164 華興,光電/ IO,封裝及模組
6165 浪凡,數位雲端,數位服務
6166 凌華,主機板,工業電腦
6167 久正,光電/ IO,LCD-其他
6168 宏齊,光電/ IO,封裝及模組
6169 昱泉,軟體服務,遊戲軟體
6170 統振,資訊通路,其他3C代理
6171 大城地產,建設,建設
6173 信昌電,電子零組件,被動元件
6174 安碁,電子零組件,石英元件
6175 立敦,電子零組件,被動元件
6176 瑞儀,光電/ IO,背光模組
6177 達麗,建設,建設
6179 亞通,工程承攬,工程承攬
6180 橘子,軟體服務,遊戲軟體
6182 合晶,半導體,晶圓材料
6183 關貿,軟體服務,應用軟體
6184 大豐電,有線電視,有線電視
6185 幃翔,電子零組件,連接器
6186 新潤,建設,建設
6187 萬潤,電子設備,電機設備
6188 廣明,光電/ IO,3C週邊
6189 豐藝,資訊通路,零組件代理
6190 萬泰科,電子零組件,連接器
6191 精成科,主機板,PCB 組裝
6192 巨路,資訊通路,零組件代理
6194 育富,主機板,硬板及其他
6195 詩肯,百貨批發,其他零售
6196 帆宣,電子設備,廠辦機電
6197 佳必琪,電子零組件,連接器
6198 瑞築,建設,建設
6199 天品,靈骨塔業,靈骨塔業
6201 亞弘電,消費性電子,聲學產品
6202 盛群,半導體,IC設計
6203 海韻電,電子零組件,電源供應器
6204 艾華,電子零組件,被動元件
6205 詮欣,電子零組件,連接器
6206 飛捷,主機板,POS
6207 雷科,電子設備,電機設備
6208 日揚,電子設備,電機設備
6209 今國光,消費性電子,光學鏡頭
6210 慶生,主機板,硬板及其他
6212 理銘,建設,建設
6213 聯茂,主機板,銅箔基板
6214 精誠,軟體服務,系統整合
6215 和椿,電子設備,電機設備
6216 居易,通信網路,網通設備
6217 中探針,主機板,PCB材-其他
6218 豪勉,軟體服務,系統整合
6219 富旺,建設,建設
6220 岳豐,電子零組件,連接器
6221 晉泰,軟體服務,系統整合
6222 上揚,家電製品,照明
6223 旺矽,主機板,硬板及其他
6224 聚鼎,電子零組件,被動元件
6225 天瀚,消費性電子,消費性電子
6226 光鼎,光電/ IO,封裝及模組
6227 茂綸,資訊通路,零組件代理
6228 全譜,光電/ IO,影像掃描
6229 研通,半導體,IC設計
6230 尼得科超眾,電子零組件,散熱零組件
6231 系微,軟體服務,應用軟體
6233 旺玖,半導體,IC設計
6234 高僑,電子設備,電機設備
6235 華孚,電子零組件,機殼
6236 中湛,藥,機能性食品
6237 驊訊,半導體,IC設計
6239 力成,半導體,IC封測
6240 松崗,平媒電子報,平媒電子報
6241 易通展,通信網路,網通設備
6242 立康,藥,機能性食品
6243 迅杰,半導體,IC設計
6244 茂迪,光電/ IO,太陽能電池
6245 立端,主機板,工業電腦
6246 臺龍,光電/ IO,背光模組
6248 沛波,金屬基本,鋼筋
6257 矽格,半導體,IC封測
6259 百徽,資訊通路,零組件代理
6261 久元,半導體,IC封測
6263 普萊德,通信網路,網通設備
6264 富裔,建設,建設
6265 方土昶,資訊通路,零組件代理
6266 泰詠,主機板,PCB 組裝
6269 台郡,主機板,軟板
6270 倍微,資訊通路,零組件代理
6271 同欣電,半導體,其他半導體
6274 台燿,主機板,銅箔基板
6275 元山,電子零組件,散熱零組件
6276 安鈦克,電子零組件,電源供應器
6277 宏正,光電/ IO,3C週邊
6278 台表科,主機板,PCB 組裝
6279 胡連,汽車組件,汽車組件
6281 全國電,資訊通路,3C通路
6282 康舒,電子零組件,電源供應器
6283 淳安,光電/ IO,3C週邊
6284 佳邦,電子零組件,被動元件
6285 啟碁,通信網路,網通設備
6287 元隆,半導體,晶圓代工
6288 聯嘉,光電/ IO,封裝及模組
6290 良維,電子零組件,連接器
6291 沛亨,半導體,IC設計
6292 迅德,電子零組件,被動元件
6294 智基,其他,其他服務業
6405 悅城,光電/ IO,LCD 原料
6409 旭隼,電子零組件,電源供應器
6411 晶焱,半導體,IC設計
6412 群電,電子零組件,電源供應器
6414 樺漢,主機板,工業電腦
6415 矽力*-KY,半導體,IC設計
6416 瑞祺電通,主機板,工業電腦
6417 韋僑,通信網路,其他網通
6418 詠昇,電子零組件,連接器
6419 京晨科,光電/ IO,安全監控
6425 易發,電子設備,電機設備
6426 統新,通信網路,光元件模組
6431 光麗-KY,化妝美容,化妝美容
6432 今展科,電子零組件,被動元件
6435 大中,半導體,IC設計
6438 迅得,電子設備,電機設備
6441 廣錠,電子零組件,二次電池
6442 光聖,通信網路,光元件模組
6443 元晶,光電/ IO,太陽能電池
6446 藥華藥,藥,製藥
6449 鈺邦,電子零組件,被動元件
6451 訊芯-KY,半導體,IC封測
6456 GIS-KY,光電/ IO,觸控面板
6457 紘康,半導體,IC設計
6461 益得,藥,製藥
6462 神盾,半導體,IC設計
6464 台數科,有線電視,有線電視
6465 威潤,通信網路,導航定位
6469 大樹,醫藥通路,醫藥通路
6470 宇智,通信網路,網通設備
6472 保瑞,藥,製藥
6477 安集,光電/ IO,太陽能模組
6482 弘煜科,軟體服務,遊戲軟體
6485 點序,半導體,IC設計
6486 互動,通信網路,網通工程
6488 環球晶,半導體,晶圓材料
6491 晶碩,醫療耗材,醫療耗材
6492 生華科,藥,製藥
6494 九齊,半導體,IC設計
6496 科懋,藥,製藥
6499 益安,醫療耗材,醫療耗材
6504 南六,不織布,不織布
6505 台塑化,輕油製解,輕油製解
6506 雙邦,樹脂,樹脂
6508 惠光,藥,農藥肥料
6509 聚和,其他化學,其他化學
6510 精測,主機板,硬板及其他
6512 啟發電,光電/ IO,3C週邊
6515 穎崴,主機板,PCB材-其他
6516 勤崴國際,通信網路,導航定位
6517 保勝光學,消費性電子,光學鏡頭
6523 達爾膚,化妝美容,化妝美容
6525 捷敏-KY,半導體,IC封測
6526 達發,半導體,IC設計
6527 明達醫,醫療耗材,醫療耗材
6530 創威,通信網路,光元件模組
6531 愛普*,半導體,IC設計
6532 瑞耘,電子設備,電機設備
6533 晶心科,半導體,IC設計
6535 順藥,藥,製藥
6538 倉和,光電/ IO,其他太陽能
6541 泰福-KY,藥,製藥
6542 隆中,軟體服務,遊戲軟體
6546 正基,通信網路,網通設備
6547 高端疫苗,藥,製藥
6548 長科*,半導體,IC導線架
6550 北極星藥業-KY,藥,製藥
6552 易華電,主機板,軟板
6556 勝品,光電/ IO,安全監控
6558 興能高,電子零組件,二次電池
6560 欣普羅,光電/ IO,安全監控
6561 是方,通信網路,電信及IDC
6568 宏觀,半導體,IC設計
6569 醫揚,主機板,工業電腦
6570 維田,主機板,工業電腦
6573 虹揚-KY,電子零組件,分離式元件
6574 霈方,化妝美容,化妝美容
6576 逸達,藥,製藥
6577 勁豐,主機板,工業電腦
6578 達邦蛋白,油脂飼料,油脂飼料
6579 研揚,主機板,工業電腦
6581 鋼聯,資源回收,廢棄物處理
6582 申豐,橡膠原料,橡膠原料
6584 南俊國際,金屬製品,金屬製品
6585 鼎基,樹脂,樹脂
6588 東典光電,通信網路,光元件模組
6589 台康生技,藥,製藥
6590 普鴻,軟體服務,系統整合
6591 動力-KY,電子零組件,散熱零組件
6592 和潤企業,租賃業,租賃業
6593 台灣銘板,其他電子,其他電子
6596 寬宏藝術,廣告業,廣告業
6598 ABC-KY,醫療耗材,醫療耗材
6603 富強鑫,機械業,工具機
6605 帝寶,汽車組件,汽車組件
6606 建德工業,機械業,工具機
6609 瀧澤科,機械業,工具機
6612 奈米醫材,醫療耗材,醫療耗材
6613 朋億*,電子設備,廠辦機電
6615 慧智,醫療耗材,醫療耗材
6616 特昇-KY,五金及家具,五金及家具
6617 共信-KY,藥,製藥
6624 萬年清,資源回收,廢棄物處理
6625 必應,電視廣播,電視廣播
6629 泰金-KY,五金及家具,五金及家具
6637 醫影,醫療耗材,醫療耗材
6640 均華,電子設備,電機設備
6641 基士德-KY,資源回收,廢棄物處理
6642 富致,電子零組件,被動元件
6643 M31,半導體,IC設計
6649 台生材,醫療耗材,醫療耗材
6651 全宇昕,半導體,IC設計
6654 天正國際,電子設備,電機設備
6655 科定,其他,其他製造業
6657 華安,藥,製藥
6658 聯策,電子設備,電機設備
6661 威健生技,醫療耗材,醫療耗材
6662 樂斯科,生物科技,生物科技
6664 群翊,電子設備,電機設備
6666 羅麗芬-KY,化妝美容,化妝美容
6667 信紘科,電子設備,廠辦機電
6668 中揚光,消費性電子,光學鏡頭
6669 緯穎,PC系統,泛用電腦
6670 復盛應用,其他,高爾夫用品
6671 三能-KY,其他,其他製造業
6672 騰輝電子-KY,主機板,銅箔基板
6674 鋐寶科技,通信網路,網通設備
6679 鈺太,半導體,IC設計
6680 鑫創電子,主機板,工業電腦
6683 雍智科技,主機板,IC載板
6684 安格,半導體,IC設計
6689 伊雲谷,軟體服務,系統整合
6690 安碁資訊,軟體服務,系統整合
6691 洋基工程,電子設備,廠辦機電
6692 進能服,光電/ IO,太陽能系統
6693 廣閎科,半導體,IC設計
6695 芯鼎,半導體,IC設計
6697 東捷資訊,軟體服務,系統整合
6698 旭暉應材,光電/ IO,LCD 原料
6703 軒郁,化妝美容,化妝美容
6706 惠特,電子設備,電機設備
6708 天擎,半導體,IC設計
6712 長聖,生物科技,生物科技
6715 嘉基,電子零組件,連接器
6716 應廣,半導體,IC設計
6719 力智,半導體,IC設計
6720 久昌,半導體,IC設計
6721 信實,其他,其他服務業
6727 亞泰金屬,電子設備,電機設備
6728 上洋,家電製品,家電
6732 昇佳電子,半導體,IC設計
6733 博晟生醫,醫療耗材,醫療耗材
6735 美達科技,電子設備,電機設備
6739 竹陞科技,電子設備,電機設備
6741 91APP*-KY,數位雲端,數位服務
6742 澤米,消費性電子,光學鏡頭
6743 安普新,消費性電子,聲學產品
6747 亨泰光,醫療耗材,醫療耗材
6751 智聯服務,軟體服務,系統整合
6752 叡揚,軟體服務,應用軟體
6753 龍德造船,機車船製造,船舶製造
6754 匯僑設計,工程承攬,工程承攬
6756 威鋒電子,半導體,IC設計
6757 台灣虎航,空運業,空運業
6761 穩得,資訊通路,其他3C代理
6762 達亞,醫療耗材,醫療耗材
6763 綠界科技*,數位雲端,數位服務
6767 台微醫,醫療耗材,醫療耗材
6768 志強-KY,鞋及旅行箱,鞋及旅行箱
6770 力積電,半導體,晶圓代工
6776 展碁國際,資訊通路,3C通路
6781 AES-KY,電子零組件,二次電池
6782 視陽,醫療耗材,醫療耗材
6785 昱展新藥,藥,製藥
6788 華景電,電子設備,電機設備
6789 采鈺,半導體,其他半導體
6790 永豐實,造紙,造紙
6791 虎門科技,軟體服務,應用軟體
6792 詠業,電子零組件,被動元件
6796 晉弘,醫療耗材,醫療耗材
6799 來頡,半導體,IC設計
6803 崑鼎,資源回收,廢棄物處理
6804 明係,其他,自行健行車
6805 富世達,電子零組件,沖壓零組件
6806 森崴能源,公用事業,電力及能源
6807 峰源-KY,五金及家具,五金及家具
6811 宏碁資訊,軟體服務,系統整合
6821 聯寶,電子零組件,被動元件
6823 濾能,電子設備,電機設備
6829 千附精密,電子設備,電機設備
6830 汎銓,其他電子,其他電子
6834 天二科技,電子零組件,被動元件
6835 圓裕,主機板,軟板
6838 台新藥,藥,製藥
6840 東研信超,其他電子,其他電子
6841 長佳智能,醫療耗材,醫療耗材
6843 進典,其他電製品,其他電製品
6844 諾貝兒,醫藥通路,醫藥通路
6846 綠茵,藥,機能性食品
6855 數泓科,機械業,工具機
6856 鑫傳,電視廣播,電視廣播
6859 伯特光,消費性電子,光學鏡頭
6861 睿生光電,醫療耗材,醫療耗材
6862 三集瑞-KY,電子零組件,被動元件
6863 永道-KY,通信網路,其他網通
6865 偉康科技,軟體服務,系統整合
6869 雲豹能源,公用事業,電力及能源
6870 騰雲,數位雲端,數位服務
6873 泓德能源,光電/ IO,太陽能系統
6874 倍力,軟體服務,應用軟體
6875 國邑*,藥,製藥
6877 鏵友益,電子設備,電機設備
6881 潤德,工程承攬,工程承攬
6890 來億-KY,鞋及旅行箱,鞋及旅行箱
6894 衛司特,資源回收,廢棄物處理
6895 宏碩系統,電子設備,電機設備
6899 創為精密,光電/ IO,觸控面板
6901 鑽石投資,創投業,創投業
6903 巨漢,電子設備,廠辦機電
6904 伯鑫,機械業,工具機
6906 現觀科,軟體服務,應用軟體
6913 鴻呈,電子零組件,連接器
6914 阜爾運通,軟體服務,系統整合
6916 華凌,光電/ IO,LCD-其他
6919 康霈*,藥,製藥
6922 宸曜,主機板,工業電腦
6923 中台,資源回收,廢棄物處理
6928 攸泰科技,主機板,工業電腦
6929 佑全,醫藥通路,醫藥通路
6933 AMAX-KY,PC系統,泛用電腦
6937 天虹,電子設備,電機設備
6952 大武山,其他,牧業
6953 家碩,電子設備,電機設備
6957 裕慶-KY,金屬基本,金屬加工
6958 日盛台駿,租賃業,租賃業
6962 ITH-KY,半導體,IC設計
6967 汎瑋材料,其他電子,其他電子
6968 萬達寵物,百貨批發,其他零售
7402 邑錡,消費性電子,消費性電子
7556 意德士,電子設備,電機設備
7584 樂意,軟體服務,遊戲軟體
7703 銳澤,電子設備,廠辦機電
7705 三商餐飲,餐飲飯店,餐飲業
7708 全家餐飲,餐飲飯店,餐飲業
7722 LINEPAY,數位雲端,數位服務
8011 台通,通信網路,網通工程
8016 矽創,半導體,IC設計
8021 尖點,主機板,PCB材-其他
8024 佑華,半導體,IC設計
8027 鈦昇,電子設備,電機設備
8028 昇陽半導體,半導體,晶圓材料
8032 光菱,資訊通路,零組件代理
8033 雷虎,其他,其他製造業
8034 榮群,通信網路,網通工程
8038 長園科,電子零組件,二次電池
8039 台虹,主機板,FCCL
8040 九暘,半導體,IC設計
8042 金山電,電子零組件,被動元件
8043 蜜望實,資訊通路,零組件代理
8044 網家,數位雲端,電子商務
8046 南電,主機板,IC載板
8047 星雲,光電/ IO,3C週邊
8048 德勝,通信網路,網通設備
8049 晶采,光電/ IO,LCD-其他
8050 廣積,主機板,工業電腦
8054 安國,半導體,IC設計
8059 凱碩,通信網路,網通設備
8064 東捷,電子設備,電機設備
8066 來思達,五金及家具,五金及家具
8067 志旭,資訊通路,3C通路
8068 全達,資訊通路,零組件代理
8069 元太,光電/ IO,LCD 面板
8070 長華*,資訊通路,零組件代理
8071 能率網通,電子零組件,沖壓零組件
8072 陞泰,資訊通路,零組件代理
8074 鉅橡,主機板,PCB材-其他
8076 伍豐,主機板,POS
8077 洛碁,餐飲飯店,飯店業
8080 印鉐,工程承攬,工程承攬
8081 致新,半導體,IC設計
8083 瑞穎,機械業,模具零件
8084 巨虹,半導體,IC設計
8085 福華,光電/ IO,背光模組
8086 宏捷科,半導體,化合物SEMI
8087 麗升能源,公用事業,電力及能源
8088 品安,半導體,記憶體模組
8089 康全電訊,通信網路,網通設備
8091 翔名,電子設備,電機設備
8092 建暐,電子設備,電機設備
8093 保銳,電子零組件,電源供應器
8096 擎亞,資訊通路,零組件代理
8097 常珵,電子零組件,連接器
8099 大世科,軟體服務,系統整合
8101 華冠,通信網路,其他網通
8103 瀚荃,電子零組件,連接器
8104 錸寶,光電/ IO,LCD 面板
8105 凌巨,光電/ IO,LCD-其他
8107 大億金茂,汽車組件,汽車組件
8109 博大,電子零組件,電源供應器
8110 華東,半導體,IC封測
8111 立碁,光電/ IO,封裝及模組
8112 至上,資訊通路,零組件代理
8114 振樺電,主機板,POS
8121 越峰,電子零組件,被動元件
8131 福懋科,半導體,IC封測
8147 正淩,電子零組件,連接器
8150 南茂,半導體,IC封測
8155 博智,主機板,硬板及其他
8163 達方,光電/ IO,3C週邊
8171 天宇,電子零組件,二次電池
8176 智捷,通信網路,網通設備
8182 加高,電子零組件,石英元件
8183 精星,主機板,PCB 組裝
8201 無敵,其他電子,其他電子
8210 勤誠,電子零組件,機殼
8213 志超,主機板,硬板及其他
8215 明基材,光電/ IO,LCD 原料
8222 寶一,機車船製造,航空器製造
8227 巨有科技,半導體,IC設計
8234 新漢,主機板,工業電腦
8240 華宏,光電/ IO,LCD 原料
8249 菱光,光電/ IO,影像掃描
8255 朋程,電子零組件,分離式元件
8261 富鼎,半導體,IC設計
8271 宇瞻,半導體,記憶體模組
8272 全景軟體,軟體服務,系統整合
8277 商丞,半導體,記憶體模組
8279 生展,藥,機能性食品
8284 三竹,軟體服務,應用軟體
8289 泰藝,電子零組件,石英元件
8291 尚茂,主機板,銅箔基板
8299 群聯,半導體,IC設計
8341 日友,資源回收,廢棄物處理
8342 益張,金屬基本,金屬加工
8349 恒耀,金屬基本,線材
8354 冠好,石化,膠帶
8358 金居,主機板,PCB材-其他
8367 建新國際,貨運倉儲業,貨運倉儲業
8374 羅昇,機械業,模具零件
8383 千附,電子設備,廠辦機電
8390 金益鼎,資源回收,貴金屬回收
8401 白紗科,印刷,印刷
8403 盛弘,醫藥通路,醫藥通路
8404 百和興業-KY,其他紡織,其他紡織
8409 商之器,醫療耗材,醫療耗材
8410 森田,石化,塑膠加工
8411 福貞-KY,金屬製品,金屬製品
8415 大國鋼,金屬基本,線材
8416 實威,軟體服務,應用軟體
8421 旭源,塑膠製品,塑膠製品
8422 可寧衛,資源回收,廢棄物處理
8423 保綠-KY,橡膠原料,橡膠原料
8424 惠普,其他水泥,其他水泥
8426 紅木-KY,五金及家具,五金及家具
8429 金麗-KY,鞋及旅行箱,鞋及旅行箱
8431 匯鑽科,光電/ IO,硬碟磁碟
8432 東生華,藥,製藥
8433 弘帆,貿易業,貿易業
8435 鉅邁,資源回收,廢棄物處理
8436 大江,藥,機能性食品
8437 大地-KY,其他,其他服務業
8438 昶昕,資源回收,廢棄物處理
8440 綠電,資源回收,貴金屬回收
8442 威宏-KY,鞋及旅行箱,鞋及旅行箱
8443 阿瘦,鞋及旅行箱,鞋及旅行箱
8444 綠河-KY,五金及家具,五金及家具
8446 華研,其他,其他服務業
8450 霹靂,電視廣播,電視廣播
8454 富邦媒,數位雲端,電子商務
8455 大拓-KY,機械業,工具機
8462 柏文,其他,其他服務業
8463 潤泰材,水泥製造,水泥製造
8464 億豐,五金及家具,五金及家具
8466 美吉吉-KY,塑膠製品,塑膠製品
8467 波力-KY,其他,其他製造業
8472 夠麻吉,數位雲端,電子商務
8473 山林水,資源回收,廢棄物處理
8476 台境*,資源回收,廢棄物處理
8477 創業家,數位雲端,電子商務
8478 東哥遊艇,機車船製造,船舶製造
8481 政伸,印刷,印刷
8482 商億-KY,五金及家具,五金及家具
8488 吉源-KY,金屬製品,金屬製品
8489 三貝德,其他,其他服務業
8499 鼎炫-KY,其他電子,其他電子
8905 裕國,罐頭加工,罐頭加工
8906 花王,印刷,印刷
8908 欣雄,公用事業,天然氣
8916 光隆,成衣,成衣製造
8917 欣泰,公用事業,天然氣
8921 沈氏,印刷,印刷
8923 時報,平媒電子報,平媒電子報
8924 大田,其他,高爾夫用品
8926 台汽電,公用事業,汽電共生
8927 北基,公用事業,加油站
8928 鉅明,其他,高爾夫用品
8929 富堡,不織布,不織布
8930 青鋼,金屬製品,金屬製品
8931 大汽電,公用事業,汽電共生
8932 智通*,其他紡織,其他紡織
8933 愛地雅,其他,自行健行車
8935 邦泰,塑膠製品,塑膠製品
8936 國統,金屬製品,金屬製品
8937 合騏,汽車製造,汽車製造
8938 明安,其他,高爾夫用品
8940 新天地,餐飲飯店,餐飲業
8941 關中,五金及家具,五金及家具
8942 森鉅,石化,塑膠加工
8996 高力,其他電製品,其他電製品
9103 美德醫療-DR,醫療耗材,醫療耗材
910322 康師傅-DR,其他食品,其他食品
9105 泰金寶-DR,光電/ IO,3C週邊
910861 神州-DR,軟體服務,系統整合
9110 越南控-DR,機車船製造,機車製造
911608 明輝-DR,貿易業,貿易業
911622 泰聚亨-DR,金屬基本,線材
911868 同方友友-DR,光電/ IO,封裝及模組
912000 晨訊科-DR,通信網路,網通設備
9136 巨騰-DR,電子零組件,機殼
9802 鈺齊-KY,鞋及旅行箱,鞋及旅行箱
9902 台火,其他,其他製造業
9904 寶成,鞋及旅行箱,鞋及旅行箱
9905 大華,金屬製品,金屬製品
9906 欣巴巴,建設,建設
9907 統一實,金屬製品,金屬製品
9908 大台北,公用事業,天然氣
9910 豐泰,鞋及旅行箱,鞋及旅行箱
9911 櫻花,五金及家具,五金及家具
9912 偉聯,光電/ IO,顯示器
9914 美利達,其他,自行健行車
9917 中保科,保全業,保全業
9918 欣天然,公用事業,天然氣
9919 康那香,不織布,不織布
9921 巨大,其他,自行健行車
9924 福興,五金及家具,五金及家具
9925 新保,保全業,保全業
9926 新海,公用事業,天然氣
9927 泰銘,金屬基本,鋁鋅
9928 中視,電視廣播,電視廣播
9929 秋雨,印刷,印刷
9930 中聯資源,其他水泥,其他水泥
9931 欣高,公用事業,天然氣
9933 中鼎,工程承攬,工程承攬
9934 成霖,五金及家具,五金及家具
9935 慶豐富,五金及家具,五金及家具
9937 全國,公用事業,加油站
9938 百和,其他紡織,其他紡織
9939 宏全,塑膠製品,塑膠製品
9940 信義,仲介建經,仲介建經
9941 裕融,租賃業,租賃業
9942 茂順,汽車組件,汽車組件
9943 好樂迪,觀光遊樂區,觀光遊樂區
9944 新麗,不織布,不織布
9945 潤泰新,建設,建設
9946 三發地產,建設,建設
9949 琉園,玻璃陶瓷,玻璃陶瓷
9950 萬國通,鞋及旅行箱,鞋及旅行箱
9951 皇田,汽車組件,汽車組件
9955 佳龍,資源回收,貴金屬回收
9958 世紀鋼,金屬基本,鋼筋
9960 邁達康,百貨批發,其他零售
9962 有益,金屬基本,不鏽鋼
